name,category,subcategory,city,country,lat,lng,founded,status,blurb,website
ZeroAvia,Hydrogen Flight,Fuel Cell Propulsion,Hollister,USA,36.8524,-121.4016,2017,Active,"Develops hydrogen-electric powertrains for commercial aviation. ZA600 system (660kW) targeting 2026 entry-into-service for 9-19 seat aircraft. Backed by Alaska Airlines, United Airlines, and IAG.",https://zeroavia.com
Airbus ZEROe,Hydrogen Flight,Fuel Cell Propulsion,Toulouse,France,43.6047,1.4442,2020,Active,"Airbus program developing a hydrogen fuel cell-powered commercial aircraft targeting mid-2030s entry into service. Selected fuel cells over combustion in 2025 after extensive testing of both technologies.",https://airbus.com/zeroe
H2FLY,Hydrogen Flight,Fuel Cell Propulsion,Stuttgart,Germany,48.7758,9.1829,2015,Active,"Subsidiary of Joby Aviation. Achieved world's first piloted liquid hydrogen-powered electric aircraft flight in 2023. Developing modular fuel cell systems from 30kW to 2MW for regional aircraft.",https://h2fly.de
Cranfield Aerospace Solutions,Hydrogen Flight,Fuel Cell Propulsion,Bedford,UK,52.0735,-0.6167,1989,Active,"UK-based developer of hydrogen-electric conversion kits for small regional aircraft. Working with Air New Zealand, EVIA AERO, and MONTE Aircraft Leasing. Collaborating with Safran on 50-PAX regional aircraft.",https://cranfieldaerospace.com
Beyond Aero,Hydrogen Flight,Fuel Cell Propulsion,Paris,France,48.8566,2.3522,2020,Active,"Developing hydrogen-powered business jets for private and corporate aviation. Focused on light jets using hydrogen propulsion technology for zero-emission private travel.",https://beyondaero.com
Stralis Aircraft,Hydrogen Flight,Fuel Cell Propulsion,Brisbane,Australia,-27.4698,153.0251,2021,Active,"Australian company developing hydrogen-electric propulsion systems for commercial aircraft, drones, and vehicles. Targeting regional aviation markets across Asia-Pacific.",https://stralisaircraft.com
Universal Hydrogen,Hydrogen Flight,Fuel Cell Propulsion,Los Angeles,USA,34.0522,-118.2437,2020,Inactive,"Pioneer in hydrogen logistics and aircraft conversion kits for regional turboprops. Raised $82.5M from GE Aviation, American Airlines, Airbus, JetBlue, and Toyota. Operations wound down in 2023.",https://universal-hydrogen.com
GKN Aerospace (H2 GEAR),Hydrogen Flight,Fuel Cell Propulsion,Redditch,UK,52.3059,-1.9445,2020,Active,"GKN Aerospace's H2 GEAR project has successfully ground-tested a cryogenic fuel cell powertrain demonstrating megawatt-scale hydrogen propulsion for regional aircraft.",https://gknaerospace.com
Rolls-Royce,Hydrogen Flight,Hydrogen Combustion,Derby,UK,52.9225,-1.4746,1906,Active,"Running hydrogen ground tests on gas turbines for sustainable aviation. Partnered with EasyJet to accelerate hydrogen-powered engine development. Exploring combustion-based hydrogen propulsion for larger aircraft.",https://rolls-royce.com
CFM International,Hydrogen Flight,Hydrogen Combustion,Cincinnati,USA,39.1031,-84.5120,1974,Active,"Joint venture between GE Aerospace and Safran. Modifying GE Passport turbofan for hydrogen combustion testing. Working with Airbus on A380 demonstrator flight program.",https://cfmaeroengines.com
Destinus,Hydrogen Flight,Hydrogen Combustion,Munich,Germany,48.1351,11.5820,2021,Active,"Developing hypersonic hydrogen-powered aircraft for long-distance cargo and passenger transport. Targeting speeds of Mach 5+ with liquid hydrogen combustion propulsion.",https://destinus.ch
Joby Aviation,Hydrogen Flight,Fuel Cell Propulsion,Santa Cruz,USA,36.9741,-122.0308,2009,Active,"eVTOL leader and parent of H2FLY. Successfully flew a hydrogen-powered VTOL aircraft 523 miles — believed to be the first forward flight of a VTOL powered by liquid hydrogen.",https://jobyaviation.com
United Therapeutics (UT H2eR44),Hydrogen Flight,Fuel Cell Propulsion,Silver Spring,USA,38.9907,-77.0261,1996,Active,"Made the first piloted hydrogen fuel cell-powered eVTOL flight in March 2025 using a modified Robinson R44 helicopter in Québec. Targeting 200nm range with 500lb payload.",https://unither.com
Aalto HAPS (Zephyr),HAPS,Solar-Electric Fixed Wing,Farnborough,UK,51.2798,-0.7762,2019,Active,"Airbus-backed spin-off operating the Zephyr solar-powered fixed-wing HAPS. Set a 67-day endurance record in 2025. Preparing commercial demonstration over Japan in 2026 with NTT Docomo. One of only two companies to have flown HAPS through day and night.",https://aaltohaps.com
SoftBank (HAPSMobile / Sunglider),HAPS,Solar-Electric Fixed Wing,Tokyo,Japan,35.6762,139.6503,2017,Active,"Developed the 78-meter wingspan Sunglider solar-electric HAPS. Planning commercial stratospheric service launch in Japan by late 2026 for rural broadband and 5G connectivity.",https://hapsmobile.com
Skydweller Aero,HAPS,Solar-Electric Fixed Wing,Oklahoma City,USA,35.4676,-97.5164,2019,Active,"US-Spanish aerospace company developing solar-powered aircraft for perpetual flight. Based on record-breaking Solar Impulse technology. HQ in Oklahoma City with R&D in Spain and Mississippi. Partnered with Thales in 2025 for long-endurance surveillance.",https://skydweller.aero
BAE Systems (PHASA-35),HAPS,Solar-Electric Fixed Wing,London,UK,51.5074,-0.1278,2018,Active,"PHASA-35 completed successful stratospheric test flights in December 2024 reaching 66,000 feet. Showcasing rapid reusability and enhanced payload for defense and surveillance. Targeting operational readiness by 2026.",https://baesystems.com
Sceye,HAPS,Stratospheric Airship,New York,USA,40.7128,-74.0060,2016,Active,"U.S.-based HAPS company flying stratospheric airship platforms. One of only two companies that has flown HAPS through both day and night. Active in commercial pilots for disaster resilience and emergency communications.",https://sceye.com
Thales Alenia Space (Stratobus),HAPS,Stratospheric Airship,Cannes,France,43.5528,7.0174,2014,Active,"Developing Stratobus, a semi-rigid stratospheric airship for persistent surveillance, disaster monitoring, and sovereign communications. Positioning for hybrid space-terrestrial-HAPS network architectures.",https://thalesaleniaspace.com
Stratospheric Platforms Ltd,HAPS,Hydrogen-Powered Fixed Wing,Cambridge,UK,52.2053,0.1218,2012,Active,"Cambridge startup designing a 60-meter-wingspan HAPS platform powered by hydrogen fuel cells to avoid solar day-night cycle limitations. One of the few HAPS developers pursuing hydrogen propulsion.",https://stratosphericplatforms.com
AeroVironment,HAPS,Solar-Electric Fixed Wing,Arlington,USA,38.8799,-77.1068,1971,Active,"Defense-focused HAPS developer. Horus A certification demonstrates clear commercialization pathway. Long-standing partner with NASA and USGS. North America's leading HAPS operator for defense ISR missions.",https://avinc.com
Aerostar (Raven HAPS),HAPS,Stratospheric Balloon,Sioux Falls,USA,43.5473,-96.7283,1956,Active,"Stratospheric balloon-based HAPS operator, spin-off from Raven Industries. Regularly flying HAPS test missions in the stratosphere. Active in commercial and defense connectivity and surveillance applications.",https://aerostar.com
Near Space Labs,HAPS,Stratospheric Balloon,New York,USA,40.7128,-74.0060,2017,Active,"Sells change detection imagery from stratospheric balloon platforms to insurance providers. Focused on commercial earth observation applications from near-space altitude.",https://nearspacelabs.com
Prismatic (PHASA-35 heritage),HAPS,Solar-Electric Fixed Wing,Hampshire,UK,51.0577,-1.3081,2013,Active,"Developer with PHASA-35 heritage exploring advanced meteorology for HAPS tropospheric ascent and descent. Operating from Spaceport America with stratospheric flight achievements in 2023. Targeting PHASA operations from 2028.",https://prismatic.aero
